{
    "Ar36": {
        "error": 0.0004851651364300956, 
        "filter_outliers_dict": {
            "filter_outliers": true, 
            "iterations": 1, 
            "std_devs": 2
        }, 
        "fit": "Linear", 
        "value": 0.00797030431310085
    }, 
    "Ar37": {
        "error": 0.022842568058368613, 
        "filter_outliers_dict": {
            "filter_outliers": true, 
            "iterations": 1, 
            "std_devs": 2
        }, 
        "fit": "linear", 
        "value": 0.06328848112367941
    }, 
    "Ar38": {
        "error": 0.017264400825309303, 
        "filter_outliers_dict": {
            "filter_outliers": true, 
            "iterations": 1, 
            "std_devs": 2
        }, 
        "fit": "linear", 
        "value": 0.06350578810290869
    }, 
    "Ar39": {
        "error": 0.025620806093563406, 
        "filter_outliers_dict": {
            "filter_outliers": true, 
            "iterations": 1, 
            "std_devs": 2
        }, 
        "fit": "Linear", 
        "value": 1.7392786979068762
    }, 
    "Ar40": {
        "error": 0.06683403322283903, 
        "filter_outliers_dict": {
            "filter_outliers": true, 
            "iterations": 1, 
            "std_devs": 2
        }, 
        "fit": "Linear", 
        "value": 591.8243703072883
    }, 
    "Ar41": {
        "error": 0.00784894862217388, 
        "filter_outliers_dict": {
            "filter_outliers": true, 
            "iterations": 1, 
            "std_devs": 2
        }, 
        "fit": "Average", 
        "value": -0.02412608043647131
    }
}