{
    "Ar36": {
        "error": 0.0003671390937584262, 
        "filter_outliers_dict": {
            "filter_outliers": true, 
            "iterations": 1, 
            "std_devs": 2
        }, 
        "fit": "Linear", 
        "value": 0.006677548985214088
    }, 
    "Ar37": {
        "error": 0.0170575700730366, 
        "filter_outliers_dict": {
            "filter_outliers": true, 
            "iterations": 1, 
            "std_devs": 2
        }, 
        "fit": "linear", 
        "value": 0.08672296787824645
    }, 
    "Ar38": {
        "error": 0.014439276640485109, 
        "filter_outliers_dict": {
            "filter_outliers": true, 
            "iterations": 1, 
            "std_devs": 2
        }, 
        "fit": "linear", 
        "value": 0.07490529019143993
    }, 
    "Ar39": {
        "error": 0.02356180450825874, 
        "filter_outliers_dict": {
            "filter_outliers": true, 
            "iterations": 1, 
            "std_devs": 2
        }, 
        "fit": "Linear", 
        "value": 5.092132391673105
    }, 
    "Ar40": {
        "error": 0.12424871808543346, 
        "filter_outliers_dict": {
            "filter_outliers": true, 
            "iterations": 1, 
            "std_devs": 2
        }, 
        "fit": "Linear", 
        "value": 872.5707334289864
    }, 
    "Ar41": {
        "error": 0.008169767180448127, 
        "filter_outliers_dict": {
            "filter_outliers": true, 
            "iterations": 1, 
            "std_devs": 2
        }, 
        "fit": "Average", 
        "value": -0.02416901262597954
    }
}