{
    "Ar36": {
        "error": 0.0031033448830780487, 
        "filter_outliers_dict": {
            "filter_outliers": true, 
            "iterations": 1, 
            "std_devs": 2
        }, 
        "fit": "Parabolic", 
        "value": 0.03139361665139056
    }, 
    "Ar37": {
        "error": 0.021815159100004134, 
        "filter_outliers_dict": {
            "filter_outliers": true, 
            "iterations": 1, 
            "std_devs": 2
        }, 
        "fit": "linear", 
        "value": 0.13705080325593239
    }, 
    "Ar38": {
        "error": 0.013504311059912993, 
        "filter_outliers_dict": {
            "filter_outliers": true, 
            "iterations": 1, 
            "std_devs": 2
        }, 
        "fit": "linear", 
        "value": 0.050442726974673266
    }, 
    "Ar39": {
        "error": 0.11053665708605472, 
        "filter_outliers_dict": {
            "filter_outliers": true, 
            "iterations": 1, 
            "std_devs": 2
        }, 
        "fit": "Parabolic", 
        "value": 4.4959763599016505
    }, 
    "Ar40": {
        "error": 0.3980071451778385, 
        "filter_outliers_dict": {
            "filter_outliers": true, 
            "iterations": 1, 
            "std_devs": 2
        }, 
        "fit": "Parabolic", 
        "value": 1114.5221898047669
    }, 
    "Ar41": {
        "error": 0.02524684187512737, 
        "filter_outliers_dict": {
            "filter_outliers": true, 
            "iterations": 1, 
            "std_devs": 2
        }, 
        "fit": "linear", 
        "value": 0.09956789715007673
    }
}