{
    "Ar36": {
        "error": 0.0010687469517729983, 
        "filter_outliers_dict": {
            "filter_outliers": true, 
            "iterations": 1, 
            "std_devs": 2
        }, 
        "fit": "Linear", 
        "value": 0.011101585748606518
    }, 
    "Ar37": {
        "error": 0.03220707729614853, 
        "filter_outliers_dict": {
            "filter_outliers": true, 
            "iterations": 1, 
            "std_devs": 2
        }, 
        "fit": "linear", 
        "value": 0.1365960132679654
    }, 
    "Ar38": {
        "error": 0.012462436945595045, 
        "filter_outliers_dict": {
            "filter_outliers": true, 
            "iterations": 1, 
            "std_devs": 2
        }, 
        "fit": "linear", 
        "value": 0.03792514987236853
    }, 
    "Ar39": {
        "error": 0.03394810498847014, 
        "filter_outliers_dict": {
            "filter_outliers": true, 
            "iterations": 1, 
            "std_devs": 2
        }, 
        "fit": "Linear", 
        "value": 4.995452278124196
    }, 
    "Ar40": {
        "error": 0.21752149888602904, 
        "filter_outliers_dict": {
            "filter_outliers": true, 
            "iterations": 1, 
            "std_devs": 2
        }, 
        "fit": "Linear", 
        "value": 1513.6570509234746
    }, 
    "Ar41": {
        "error": 0.008821690193299349, 
        "filter_outliers_dict": {
            "filter_outliers": true, 
            "iterations": 1, 
            "std_devs": 2
        }, 
        "fit": "Average", 
        "value": 0.031893501528189205
    }
}