{
    "Ar36": {
        "error": 0.00013251265417670642, 
        "filter_outliers_dict": {
            "filter_outliers": true, 
            "iterations": 1, 
            "std_devs": 2
        }, 
        "fit": "Linear", 
        "value": 0.006539621748550887
    }, 
    "Ar37": {
        "error": 0.005134184634194579, 
        "filter_outliers_dict": {
            "filter_outliers": true, 
            "iterations": 1, 
            "std_devs": 2
        }, 
        "fit": "linear", 
        "value": 0.0964050136233846
    }, 
    "Ar38": {
        "error": 0.002328328501795147, 
        "filter_outliers_dict": {
            "filter_outliers": true, 
            "iterations": 1, 
            "std_devs": 2
        }, 
        "fit": "linear", 
        "value": 0.06215041511347345
    }, 
    "Ar39": {
        "error": 0.005956327262173824, 
        "filter_outliers_dict": {
            "filter_outliers": true, 
            "iterations": 1, 
            "std_devs": 2
        }, 
        "fit": "Linear", 
        "value": 6.92285148049237
    }, 
    "Ar40": {
        "error": 0.01368285317024708, 
        "filter_outliers_dict": {
            "filter_outliers": true, 
            "iterations": 1, 
            "std_devs": 2
        }, 
        "fit": "Linear", 
        "value": 5.6330249808258674
    }, 
    "Ar41": {
        "error": 0.0018630364882318774, 
        "filter_outliers_dict": {
            "filter_outliers": true, 
            "iterations": 1, 
            "std_devs": 2
        }, 
        "fit": "Average", 
        "value": -0.06873729626815604
    }
}