{
    "Ar36": {
        "error": 0.0001707949468637917, 
        "filter_outliers_dict": {
            "filter_outliers": true, 
            "iterations": 1, 
            "std_devs": 2
        }, 
        "fit": "Linear", 
        "value": 0.012068644174151051
    }, 
    "Ar37": {
        "error": 0.004763692132349806, 
        "filter_outliers_dict": {
            "filter_outliers": true, 
            "iterations": 1, 
            "std_devs": 2
        }, 
        "fit": "linear", 
        "value": 0.10027641929270859
    }, 
    "Ar38": {
        "error": 0.002317026264785191, 
        "filter_outliers_dict": {
            "filter_outliers": true, 
            "iterations": 1, 
            "std_devs": 2
        }, 
        "fit": "linear", 
        "value": 0.11707255562762249
    }, 
    "Ar39": {
        "error": 0.00670631153450849, 
        "filter_outliers_dict": {
            "filter_outliers": true, 
            "iterations": 1, 
            "std_devs": 2
        }, 
        "fit": "Linear", 
        "value": 11.379153249890102
    }, 
    "Ar40": {
        "error": 0.015463228707210628, 
        "filter_outliers_dict": {
            "filter_outliers": true, 
            "iterations": 1, 
            "std_devs": 2
        }, 
        "fit": "Linear", 
        "value": 8.704498346073752
    }, 
    "Ar41": {
        "error": 0.001740510622944868, 
        "filter_outliers_dict": {
            "filter_outliers": true, 
            "iterations": 1, 
            "std_devs": 2
        }, 
        "fit": "Average", 
        "value": -0.07270354405753245
    }
}