{
    "Ar36": {
        "error": 0.0025524321909171067, 
        "filter_outliers_dict": {
            "filter_outliers": true, 
            "iterations": 1, 
            "std_devs": 2
        }, 
        "fit": "Linear", 
        "value": 4.055451344882245
    }, 
    "Ar37": {
        "error": 0.005450809162923077, 
        "filter_outliers_dict": {
            "filter_outliers": true, 
            "iterations": 1, 
            "std_devs": 2
        }, 
        "fit": "linear", 
        "value": 0.08617292885212242
    }, 
    "Ar38": {
        "error": 0.002533000637589315, 
        "filter_outliers_dict": {
            "filter_outliers": true, 
            "iterations": 1, 
            "std_devs": 2
        }, 
        "fit": "linear", 
        "value": 0.7993569225083361
    }, 
    "Ar39": {
        "error": 0.0067722142482703395, 
        "filter_outliers_dict": {
            "filter_outliers": true, 
            "iterations": 1, 
            "std_devs": 2
        }, 
        "fit": "Linear", 
        "value": 5.67942104528294
    }, 
    "Ar40": {
        "error": 0.09850762476724957, 
        "filter_outliers_dict": {
            "filter_outliers": true, 
            "iterations": 1, 
            "std_devs": 2
        }, 
        "fit": "Linear", 
        "value": 1147.598763124142
    }, 
    "Ar41": {
        "error": 0.001843022811416144, 
        "filter_outliers_dict": {
            "filter_outliers": true, 
            "iterations": 1, 
            "std_devs": 2
        }, 
        "fit": "Average", 
        "value": -0.02357792662141101
    }
}