{
    "Ar36": {
        "error": 0.0010539024572139022, 
        "filter_outliers_dict": {
            "filter_outliers": true, 
            "iterations": 1, 
            "std_devs": 2
        }, 
        "fit": "Linear", 
        "value": 0.011934298451818755
    }, 
    "Ar37": {
        "error": 0.0264412603743607, 
        "filter_outliers_dict": {
            "filter_outliers": true, 
            "iterations": 1, 
            "std_devs": 2
        }, 
        "fit": "linear", 
        "value": 0.06909187874253991
    }, 
    "Ar38": {
        "error": 0.013833592900588823, 
        "filter_outliers_dict": {
            "filter_outliers": true, 
            "iterations": 1, 
            "std_devs": 2
        }, 
        "fit": "linear", 
        "value": 0.04349356754567594
    }, 
    "Ar39": {
        "error": 0.04384407585954507, 
        "filter_outliers_dict": {
            "filter_outliers": true, 
            "iterations": 1, 
            "std_devs": 2
        }, 
        "fit": "Linear", 
        "value": 0.27354774247416674
    }, 
    "Ar40": {
        "error": 0.023766472914825663, 
        "filter_outliers_dict": {
            "filter_outliers": true, 
            "iterations": 1, 
            "std_devs": 2
        }, 
        "fit": "Linear", 
        "value": 7.031509806742813
    }, 
    "Ar41": {
        "error": 0.01181068207499485, 
        "filter_outliers_dict": {
            "filter_outliers": true, 
            "iterations": 1, 
            "std_devs": 2
        }, 
        "fit": "Average", 
        "value": -0.03826520024729275
    }
}