{
    "Ar36": {
        "error": 0.0017069386980756954, 
        "filter_outliers_dict": {
            "filter_outliers": true, 
            "iterations": 1, 
            "std_devs": 2
        }, 
        "fit": "Linear", 
        "value": 0.011544142231946601
    }, 
    "Ar37": {
        "error": 0.05218588448099823, 
        "filter_outliers_dict": {
            "filter_outliers": true, 
            "iterations": 1, 
            "std_devs": 2
        }, 
        "fit": "linear", 
        "value": 0.08286352573509798
    }, 
    "Ar38": {
        "error": 0.02577662216080589, 
        "filter_outliers_dict": {
            "filter_outliers": true, 
            "iterations": 1, 
            "std_devs": 2
        }, 
        "fit": "linear", 
        "value": 0.21661652152899466
    }, 
    "Ar39": {
        "error": 0.07881302027290275, 
        "filter_outliers_dict": {
            "filter_outliers": true, 
            "iterations": 1, 
            "std_devs": 2
        }, 
        "fit": "Linear", 
        "value": 8.23944715167627
    }, 
    "Ar40": {
        "error": 0.4609868706512926, 
        "filter_outliers_dict": {
            "filter_outliers": true, 
            "iterations": 1, 
            "std_devs": 2
        }, 
        "fit": "Linear", 
        "value": 2868.5941469084173
    }, 
    "Ar41": {
        "error": 0.0144138995454372, 
        "filter_outliers_dict": {
            "filter_outliers": true, 
            "iterations": 1, 
            "std_devs": 2
        }, 
        "fit": "Average", 
        "value": 0.10099381040894213
    }
}