{
    "Ar36": {
        "error": 0.0021384031288689473, 
        "filter_outliers_dict": {
            "filter_outliers": true, 
            "iterations": 1, 
            "std_devs": 2
        }, 
        "fit": "Linear", 
        "value": 0.02186279600020989
    }, 
    "Ar37": {
        "error": 0.060722500233268875, 
        "filter_outliers_dict": {
            "filter_outliers": true, 
            "iterations": 1, 
            "std_devs": 2
        }, 
        "fit": "linear", 
        "value": 0.03257119668979009
    }, 
    "Ar38": {
        "error": 0.011913443611490044, 
        "filter_outliers_dict": {
            "filter_outliers": true, 
            "iterations": 1, 
            "std_devs": 2
        }, 
        "fit": "linear", 
        "value": 0.2451822022224595
    }, 
    "Ar39": {
        "error": 0.08906722081309963, 
        "filter_outliers_dict": {
            "filter_outliers": true, 
            "iterations": 1, 
            "std_devs": 2
        }, 
        "fit": "Linear", 
        "value": 12.436625451795313
    }, 
    "Ar40": {
        "error": 0.5200175232529132, 
        "filter_outliers_dict": {
            "filter_outliers": true, 
            "iterations": 1, 
            "std_devs": 2
        }, 
        "fit": "Linear", 
        "value": 4262.104166207361
    }, 
    "Ar41": {
        "error": 0.010838461121667612, 
        "filter_outliers_dict": {
            "filter_outliers": true, 
            "iterations": 1, 
            "std_devs": 2
        }, 
        "fit": "Average", 
        "value": 0.1180093587027895
    }
}