{
    "Ar36": {
        "error": 0.002670087709524846, 
        "filter_outliers_dict": {
            "filter_outliers": true, 
            "iterations": 1, 
            "std_devs": 2
        }, 
        "fit": "Linear", 
        "value": 0.03658257207943777
    }, 
    "Ar37": {
        "error": 0.044699196197462134, 
        "filter_outliers_dict": {
            "filter_outliers": true, 
            "iterations": 1, 
            "std_devs": 2
        }, 
        "fit": "linear", 
        "value": 0.056839401570822366
    }, 
    "Ar38": {
        "error": 0.025535411032044444, 
        "filter_outliers_dict": {
            "filter_outliers": true, 
            "iterations": 1, 
            "std_devs": 2
        }, 
        "fit": "linear", 
        "value": 0.3528033956872162
    }, 
    "Ar39": {
        "error": 0.10107633958006867, 
        "filter_outliers_dict": {
            "filter_outliers": true, 
            "iterations": 1, 
            "std_devs": 2
        }, 
        "fit": "Linear", 
        "value": 21.98116488759516
    }, 
    "Ar40": {
        "error": 0.7510942923837015, 
        "filter_outliers_dict": {
            "filter_outliers": true, 
            "iterations": 1, 
            "std_devs": 2
        }, 
        "fit": "Linear", 
        "value": 4278.400632889093
    }, 
    "Ar41": {
        "error": 0.011179289920284207, 
        "filter_outliers_dict": {
            "filter_outliers": true, 
            "iterations": 1, 
            "std_devs": 2
        }, 
        "fit": "Average", 
        "value": 0.14659800269600676
    }
}