{
    "Ar36": {
        "error": 0.0008135357980437353, 
        "filter_outliers_dict": {
            "filter_outliers": true, 
            "iterations": 1, 
            "std_devs": 2
        }, 
        "fit": "Linear", 
        "value": 0.011971540584038527
    }, 
    "Ar37": {
        "error": 0.028663372841688704, 
        "filter_outliers_dict": {
            "filter_outliers": true, 
            "iterations": 1, 
            "std_devs": 2
        }, 
        "fit": "linear", 
        "value": 0.05345186149581262
    }, 
    "Ar38": {
        "error": 0.013118017031799972, 
        "filter_outliers_dict": {
            "filter_outliers": true, 
            "iterations": 1, 
            "std_devs": 2
        }, 
        "fit": "linear", 
        "value": 0.25293779934532296
    }, 
    "Ar39": {
        "error": 0.04021502574517457, 
        "filter_outliers_dict": {
            "filter_outliers": true, 
            "iterations": 1, 
            "std_devs": 2
        }, 
        "fit": "Linear", 
        "value": 17.403750310289837
    }, 
    "Ar40": {
        "error": 0.22141031959835178, 
        "filter_outliers_dict": {
            "filter_outliers": true, 
            "iterations": 1, 
            "std_devs": 2
        }, 
        "fit": "Linear", 
        "value": 1966.4892877412994
    }, 
    "Ar41": {
        "error": 0.005727240311610483, 
        "filter_outliers_dict": {
            "filter_outliers": true, 
            "iterations": 1, 
            "std_devs": 2
        }, 
        "fit": "Average", 
        "value": 0.043328268203709594
    }
}