{
    "Ar36": {
        "error": 0.0010416393973823642, 
        "filter_outliers_dict": {
            "filter_outliers": true, 
            "iterations": 1, 
            "std_devs": 2
        }, 
        "fit": "Linear", 
        "value": 0.009461661206929364
    }, 
    "Ar37": {
        "error": 0.036313308415785735, 
        "filter_outliers_dict": {
            "filter_outliers": true, 
            "iterations": 1, 
            "std_devs": 2
        }, 
        "fit": "linear", 
        "value": 0.33762202849126816
    }, 
    "Ar38": {
        "error": 0.012443174583573986, 
        "filter_outliers_dict": {
            "filter_outliers": true, 
            "iterations": 1, 
            "std_devs": 2
        }, 
        "fit": "linear", 
        "value": 0.00384951497116897
    }, 
    "Ar39": {
        "error": 0.04084116090319533, 
        "filter_outliers_dict": {
            "filter_outliers": true, 
            "iterations": 1, 
            "std_devs": 2
        }, 
        "fit": "Linear", 
        "value": 0.3332810244888963
    }, 
    "Ar40": {
        "error": 0.037917963879590594, 
        "filter_outliers_dict": {
            "filter_outliers": true, 
            "iterations": 1, 
            "std_devs": 2
        }, 
        "fit": "Linear", 
        "value": 7.488169276178278
    }, 
    "Ar41": {
        "error": 0.007725140728900546, 
        "filter_outliers_dict": {
            "filter_outliers": true, 
            "iterations": 1, 
            "std_devs": 2
        }, 
        "fit": "Average", 
        "value": -0.03235909171048563
    }
}