{
    "AX": {
        "error": 0.00754647221614787, 
        "filter_outliers_dict": {
            "filter_outliers": true, 
            "iterations": 1, 
            "std_devs": 2
        }, 
        "fit": "average", 
        "value": 0.0058608919332372
    }, 
    "CDD": {
        "error": 3.466769431257446e-06, 
        "filter_outliers_dict": {
            "filter_outliers": true, 
            "iterations": 1, 
            "std_devs": 10
        }, 
        "fit": "average", 
        "value": 4.944836830335266e-06
    }, 
    "H1": {
        "error": 0.005476962646981167, 
        "filter_outliers_dict": {
            "filter_outliers": true, 
            "iterations": 1, 
            "std_devs": 2
        }, 
        "fit": "average", 
        "value": 0.08951105627987474
    }, 
    "H2": {
        "error": 0.004210664467151174, 
        "filter_outliers_dict": {
            "filter_outliers": true, 
            "iterations": 1, 
            "std_devs": 2
        }, 
        "fit": "average", 
        "value": -0.07728889580459221
    }, 
    "L1": {
        "error": 0.0025142481408020854, 
        "filter_outliers_dict": {
            "filter_outliers": true, 
            "iterations": 1, 
            "std_devs": 2
        }, 
        "fit": "average", 
        "value": -0.018445364196553706
    }, 
    "L2": {
        "error": 0.005850496558165993, 
        "filter_outliers_dict": {
            "filter_outliers": true, 
            "iterations": 1, 
            "std_devs": 2
        }, 
        "fit": "average", 
        "value": 0.006915220367968961
    }
}