{
    "Ar36": {
        "error": 0.0008790871400184466, 
        "filter_outliers_dict": {
            "filter_outliers": true, 
            "iterations": 1, 
            "std_devs": 2
        }, 
        "fit": "Parabolic", 
        "value": 0.2099237382460902
    }, 
    "Ar37": {
        "error": 0.005036293903623793, 
        "filter_outliers_dict": {
            "filter_outliers": true, 
            "iterations": 1, 
            "std_devs": 2
        }, 
        "fit": "linear", 
        "value": 0.049049878344903194
    }, 
    "Ar38": {
        "error": 0.002228730215900975, 
        "filter_outliers_dict": {
            "filter_outliers": true, 
            "iterations": 1, 
            "std_devs": 2
        }, 
        "fit": "linear", 
        "value": 0.023809819747072764
    }, 
    "Ar39": {
        "error": 0.008529761820096706, 
        "filter_outliers_dict": {
            "filter_outliers": true, 
            "iterations": 1, 
            "std_devs": 2
        }, 
        "fit": "Parabolic", 
        "value": 0.0478768489903628
    }, 
    "Ar40": {
        "error": 0.01147253207048334, 
        "filter_outliers_dict": {
            "filter_outliers": true, 
            "iterations": 1, 
            "std_devs": 2
        }, 
        "fit": "Parabolic", 
        "value": 61.73935480821726
    }, 
    "Ar41": {
        "error": 0.0033945468756200756, 
        "filter_outliers_dict": {
            "filter_outliers": true, 
            "iterations": 1, 
            "std_devs": 2
        }, 
        "fit": "linear", 
        "value": -0.0660462509149304
    }
}