{
    "Ar36": {
        "error": 0.0008255548226552978, 
        "filter_outliers_dict": {
            "filter_outliers": true, 
            "iterations": 1, 
            "std_devs": 2
        }, 
        "fit": "Parabolic", 
        "value": 0.20277695671172336
    }, 
    "Ar37": {
        "error": 0.00493331714182756, 
        "filter_outliers_dict": {
            "filter_outliers": true, 
            "iterations": 1, 
            "std_devs": 2
        }, 
        "fit": "linear", 
        "value": 0.04580086088513133
    }, 
    "Ar38": {
        "error": 0.0021217459542311095, 
        "filter_outliers_dict": {
            "filter_outliers": true, 
            "iterations": 1, 
            "std_devs": 2
        }, 
        "fit": "linear", 
        "value": 0.018816481524124625
    }, 
    "Ar39": {
        "error": 0.00828021468655261, 
        "filter_outliers_dict": {
            "filter_outliers": true, 
            "iterations": 1, 
            "std_devs": 2
        }, 
        "fit": "Parabolic", 
        "value": 0.16006596387047387
    }, 
    "Ar40": {
        "error": 0.011873495917151653, 
        "filter_outliers_dict": {
            "filter_outliers": true, 
            "iterations": 1, 
            "std_devs": 2
        }, 
        "fit": "Parabolic", 
        "value": 59.86627245941221
    }, 
    "Ar41": {
        "error": 0.0035093801928411006, 
        "filter_outliers_dict": {
            "filter_outliers": true, 
            "iterations": 1, 
            "std_devs": 2
        }, 
        "fit": "linear", 
        "value": -0.06644365013443915
    }
}